category,r_with_next_total,beta_std,n_pairs
sg_ott,0.4335049262970725,0.4166339995012521,1309
sg_app,0.3974695912381823,0.2942270214886975,1309
sg_arg,0.2545295958612699,0.22502655373160035,1309
sg_putt,0.15824237812745645,0.25824729053028606,1309
